<!-- S151 PA Chapter 10 Question 3
	G P Black September 2005
-->

<question class="samples.numeric.singleentry.GradientGraph">

	<scoring>
		<marks>3</marks>
	</scoring>	

  	<layout>
    	<row height="330"/>
    	<column width="296"/>
    	<column width="296"/>  
  	</layout>
    
	<box gridx="0" gridy="0" id="inputbox" background="input">

		If
		<equation alt="z = minus __NUMA__ over t squared">
			z = -\frac{__NUMA__}{t^2}
		</equation>
		, what is the gradient of a graph of
	    <eq>z</eq>
		against
		<eq>t</eq>
		at
		<eq>t=2</eq>?
		<gap/>
	    <label for="input">Gradient = </label><editfield id="input" cols="2"/>
	    <gap/>
    
	    <button action="actionSubmit" label="%%lENTERANSWER%%"/>
      	<!--<button action="actionGiveUp" label="%%lGIVEUP%%"/>-->
  
  	</box>

  	<box gridx="1" gridy="0" id="answerbox" display="no" background="answer">
   
    	<t id="wrong">Your answer is <t id="still">still</t> incorrect.</t>
	    <t id="right">Your answer is correct.</t>
	    <t id="pass">You passed on this question.</t> 
    	<gap/>
  
	    <t id="feedback">
	    	<t id="default">
				You need to start by differentiating
		        <equation alt="z equals minus __NUMA__ over t squared">
					z = -\frac{__NUMA__}{t^2}
				</equation>
		        with respect to
				<eq>t</eq>
				(see Section 10.2.2 and remember that
		        <equation alt="z equals minus __NUMA__ over t squared">
					z = -\frac{__NUMA__}{t^2}
				</equation>
		        can be written as
		        <equation alt="z equals minus __NUMA__ times t to the power minus two">
					z = -__NUMA__t^{-2}
				</equation>).
				<gap/>
				Then find the value of
		        <equation alt="d z by d t">
					\frac{\mbox{d}z}{\mbox{d}t}
				</equation>
				at <eq>t=2</eq>.
		  	</t> 
	      	<gap/>
    	</t>   
   
	    <t id="wrongSign" display="no">
			Take particular care over the sign of your answer.
			<gap/>
	    </t>
	
    	<t id="answer">
        	<indent>
				<equation alt="z equals minus __NUMA__ over t squared">
					z = -\frac{__NUMA__}{t^2}
				</equation>
				<equation alt=" equals minus __NUMA__ times t to the power minus two">
					= -__NUMA__t^{-2}
				</equation>
			</indent>
	        <gap/>
	        so
			<gap/>
			<indent>
				<equation alt="d z by d t ">
					\frac{\mbox{d}z}{\mbox{d}t}
				</equation>
				<equation alt="equals minus __NUMA__ times minus two times t to the power minus three
								equals __NUMB__ over t cubed">
					-__NUMA__ × (-2)t^{-3} = \frac{__NUMB__}{t^3}
				</equation>
			</indent>
			<gap/>
	        When <eq>t=2</eq>,
			<gap/>
	        <indent>
				<equation alt="d z by d t ">
					\frac{\mbox{d}z}{\mbox{d}t}
				</equation>
			    <equation alt="equals __NUMB__ over t cubed">
					= \frac{__NUMB__}{t^3}
				</equation>
			</indent>
			<gap/>
	        So the gradient of a graph of
			<eq>z</eq>
			against
			<eq>t</eq>
	        is <eq>__ANSWER__</eq> at
			<eq>t=2</eq>.
			<gap/>
	    </t>
	   
		<button id="ok" action="actionOK" label="%%lTRYAGAIN%%"/>
		<button id="next" action="actionOK" label="%%lNEXTQUESTION%%" display="no"/>
	   
	</box>
 
</question>