<question class="samples.multichoice.dragimages.drag3images" plainmode="yes">

	<scoring><marks>3</marks></scoring>

	<layout>
		<row height="420"/>
		<column width="296"/>
		<column width="296"/>  
	</layout>
 
	<!-- Defines the left-hand question box -->
	<box gridx="0" gridy="0" id="inputbox" background="input">
	
		Complete the structural formulae for the molecules below by dragging the
		appropriate bonds into the boxes between the atoms.
		<gap/>
		<indent> <indent> <indent> <indent>
			<image id="Hydrogen" filePath="h.png" alt="Hydrogen"></image>
		 	<dropbox id="a1" forceborder="yes"/>
			<image id="Hydrogen" filePath="h.png" alt="Hydrogen"></image>
			 <gap/>

			<image id="Nitrogen" filePath="n.png" alt="nitrogen"></image>
		 	<dropbox id="a3" forceborder="yes"/>
			<image id="Nitrogen" filePath="n.png" alt="nitrogen"></image>
		 	<gap/>

			<image id="Oxygen" filePath="o.png" alt="oxygen"></image>
		 	<dropbox id="a2" forceborder="yes"/>
			<image id="Oxygen" filePath="o.png" alt="oxygen"></image>
		 	<gap/>
		</indent> </indent> </indent> </indent>

		<indent> <indent>
			<dragbox id="d1" infinite="no">
				<image id="single" filePath="single.png" alt="single bond" width="47" height="20"></image>
			</dragbox>
			<dragbox id="d2" infinite="no">
				<image id="double" filePath="double.png" alt="double bond" width="47" height="20"></image>
			</dragbox>
			<dragbox id="d3" infinite="no">
				<image id="triple" filePath="triple.png" alt="triple bond" width="47" height="20"></image>
			</dragbox>
		</indent> </indent>
		
		<gap/> 

		<if plain="no">
			<emphasis type="italic">
			Use the mouse to drag and drop the boxed images into the empty boxes.
			Alternatively, use the tab key to select an empty box, then use the 
			space key to cycle through the options.
			</emphasis>
			<gap/>
		</if>
		<button action="actionSubmit" label="%%lENTERANSWER%%"/>
  
	</box>

	<!-- Defines the right-hand answer box, which is initially hidden  -->
	<box gridx="1" gridy="0" id="answerbox" display="no" background="answer">
   
		<t id="wrong">Your answer is <t id="still">still</t> incorrect.</t>
		<t id="right">Your answer is correct.</t>
		<t id="pass">You passed on this question.</t>	

		<t id="one" display="no">
			<break/>
			Only one of the molecules has the correct bond.
		</t>
		<t id="two" display="no">
			<break/>
			Only two of the molecules have the correct bonds.
		</t>

	
		<t id="feedback">
			<t id="default">
				<gap/>
				Make sure that the number of bonds emanating from each atom is equal
				to the atom's valency. The valencies are hydrogen 1, oxygen 2 and nitrogen 3.
			</t>
			<gap/>
		</t>
   
		<t id="answer">
			<gap/>
			Hydrogen has a valency of 1, nitrogen a valency of 3 and oxygen a valency of 2.
			The number of atoms emanating from each atom is equal to the atom's valency if
			the hydrogen atoms are joined by a single bond, the nitrogen atoms by a triple
			bond and the oxygen atoms by a double bond.

			<indent> <indent> <indent> <indent>
				<image filePath="answer.png" alt="hydrogen single bond, oxygen double bond, nitrogen triple bond"></image>
			</indent> </indent> </indent> </indent>

			The rules for drawing structural formulae are discussed in Section 4 of S103
			<emphasis type="italic">Discovering Science</emphasis> Block 8.
		</t>
		<gap/>		
		<button id="ok" action="actionOK" label="%%lTRYAGAIN%%"/>
		<button id="next" action="actionOK" label="%%lNEXTQUESTION%%" display="no"/>
	   
	</box>
	
</question>