<question class="samples.multichoice.dragwordstowords.Logarithms">

	<scoring><marks>3</marks></scoring>

 	<layout>
  		<row height="400"/>
  		<column width="340"/>
  		<column width="252"/>  
 	</layout>
 
 	<!-- Defines the left-hand question box -->
 	<box gridx="0" gridy="0" id="inputbox" background="input">

		Drag and drop the words from the list below to fill the blank spaces
		and correctly complete the sentence. 
		<gap/>
		<gap/> 
		
		<indent>
			<dragbox id="a1" group="group1"><t>hydrogen</t></dragbox>
			<dragbox id="a2" group="group1"><t>positive</t></dragbox>
			<dragbox id="a3" group="group1"><t>hydroxide</t></dragbox>
			<dragbox id="a4" group="group1"><t>negative</t></dragbox>
			<break/>
			<dragbox id="a5" group="group2"><eq>10^{7}</eq></dragbox>
			<dragbox id="a6" group="group2"><eq>7</eq></dragbox>
			<dragbox id="a7" group="group2"><eq>1</eq></dragbox>
			<dragbox id="a8" group="group2"><eq>10^{-7}</eq></dragbox>
			<break/>
			<dragbox id="a9" group="group3"><t>greater</t></dragbox>
			<dragbox id="a10" group="group3"><t>less</t></dragbox>
		</indent>
		<gap/>
		<gap/> 
	
		At <eq>25 \mbox{ °C}</eq> all aqueous __ACIDORBASE__ solutions have
		<dropbox id="mw1" group="group1"/>
		ion concentrations __GREATERORLESS__ than
		<break/>
		<dropbox id="mw2" group="group2"/>
		<eq>\mbox{mol litre^{–1}}</eq>
	 	and pH values
	 	<dropbox id="mw3" group="group3"/>
	 	than
	 	<dropbox id="mw4" group="group2"/>.
		<gap/> 
		<gap/> 

	   	<button action="actionSubmit" label="%%lENTERANSWER%%"/>
 	</box>

 	<!-- Defines the right-hand answer box, which is initially hidden  -->
 	<box gridx="1" gridy="0" id="answerbox" display="no" background="answer">
   
		<t id="wrong">Your answer is <t id="still">still</t> incorrect.</t>
	
		<t id="right">Your answer is correct.</t>
		<t id="pass">You passed on this question.</t>	
		<gap/>
		
		<t id="feedback">
			<t id="manyWrong">You have wrongly completed __N__ spaces.</t>
			<t id="oneWrong">You have wrongly completed 1 space.</t>
			<t id="showanswer">The correct paragraph is shown below.</t>
			<gap/>
		</t>	 
   
 	 	<t id="answer">
			<t id="answer0">
				At 25 °C all aqueous acid solutions have hydrogen ion concentrations
				greater than <eq>10^{-7}</eq> mol <eq>\mbox{litre}^{-1}</eq>
				and pH values less than 7.
			</t>
			<t id="answer1">
				At 25 °C all aqueous basic solutions have hydrogen ion concentrations
				less than <eq>10^{-7}</eq> mol <eq>\mbox{litre}^{-1}</eq> and pH values
				greater than 7.
			</t>
			<gap/>
			See Section 9 of S103 <emphasis type="italic">Discovering Science</emphasis> Block 8. 		
			<gap/>
  		</t>
		
	 	<button id="ok" action="actionOK" label="%%lTRYAGAIN%%"/>
		<button id="next" action="actionOK" label="%%lNEXTQUESTION%%" display="no"/>

 	</box>
 
</question>