<question class="samples.misc.audio.TestAudio">

 <scoring><marks>3</marks></scoring>

 <layout>
  <row height="340"/>
  <column width="156"/>  
  <column width="436"/>
 </layout>
 
 <!-- Defines the left-hand question box -->
 <box gridx="1" gridy="0" id="inputbox" background="input">

	<image filePath="map.png" alt="Map depicting a T-junction in a road">
		<iplace label="At the junction:" left="199" top="204"><audio id="audio1" filePath="__JUNCTION__.mp3"/></iplace>
		<iplace label="Taking a left:" left="144" top="143"><button id="hereL" action="actionLeft" label="Here"/></iplace>
		<iplace label="Taking a right:" left="226" top="143"><button id="hereR" action="actionRight" label="Here"/></iplace>
		<iplace label="After turning left:" left="167" top="146"><audio id="audio2l" display="no" filePath="__PLACE__.mp3"/></iplace>
		<iplace label="After turning right" left="230" top="146"><audio id="audio2r" display="no" filePath="__PLACE__.mp3"/></iplace>
		<iplace label="A large shop:" left="296" top="117"><button id="hereD" display="no" action="actionDepaato" label="Here"/></iplace>
		<iplace label="A public library:" left="296" top="169"><button id="hereT" display="no" action="actionToshokan" label="Here"/></iplace>
		<iplace label="A cafe:" left="80" top="117"><button display="no" id="hereK" action="actionKissaten" label="Here"/></iplace>
		<iplace label="A baker's:" left="80" top="169"><button display="no" id="hereP" action="actionPanya" label="Here"/></iplace>
	</image>
	
	
	  
 </box>
 
 <box gridx="0" gridy="0" id="part1" background="answer">
	You have agreed to meet a friend in town. Nearing the 
	area, you phone to find out where he is.
	<gap/>	
	Listen to his response by clicking the play button, then click on the 
	appropriate button to select a direction.
	<t id="wrong1" display="no">
	 <gap/>
	 <emphasis>No!</emphasis> He said the other way. Listen again to the audio.
	 Once you're ready to continue, click on the direction button.		
	</t>
 </box>

 <box gridx="0" gridy="0" id="part2" background="answer" display="no">
	<t id="right1">
	 <emphasis>That's right!</emphasis> 
	 <gap/>
	</t>
	Your friend continues. Listen to him again, and follow his instructions by
	clicking on the right button.
	<t id="wrong2" display="no">
	 <gap/>
	 <emphasis>No!</emphasis> He asked you to enter the other building. 
	 Listen again to the audio. Once you're ready to continue, click on the 
	 correct button.		
	</t>
 </box>

 <box gridx="0" gridy="0" id="part3" background="answer" display="no">
	<emphasis>That's right!</emphasis> 

	Well done. You can now continue to the next question.
	<gap/>
  <button action="actionOK" label="OK"/>
 </box>

</question>