<question class="samples.textresponse.simpletextentry.EquationEquivalence">

	<scoring><marks>3</marks></scoring>

 	<layout>
  		<row height="520"/>
  		<column width="445"/>
  		<column width="142"/>  
 	</layout>
 
 	<!-- Defines the left-hand question box -->
 	<box gridx="0" gridy="0" id="inputbox" background="input">

		A catalyst speeds up a reaction. What other single change will make each
		of these reactions go faster?
		<gap/>
	
		<equation alt="A Chlorine gas + hydrogen gas gives hydrogen chloride, delta H equals -184 kJ">
			\mbox{A  Cl_2(g) + H_2(g)  →  2HCl(g)   Δ}H\mbox{ = –184 kJ}
		</equation>
		<gap/> 
		<equation alt="B Methane gas + ammonia gas gives hydrogen cyanide gas + hydrogen gas, delta H equals +256 kJ">
			\mbox{B  CH_4(g) + NH_3(g)  →  HCN(g) + 3H_2(g)   Δ}H\mbox{ = +256 kJ}
		</equation>
		<gap/> 
		<equation alt="C Hypochlorous acid aqueous gives hydrogen ions aqueous + hypochlorite ions aqueous, delta H equals +13.8 kJ">
			\mbox{C  HClO(aq)  →  H^+(aq) + ClO^–(aq)   Δ}H\mbox{ = +13.8 kJ}
		</equation>
		<gap/>
		<equation alt="D Nitrogen gas + hydrogen gas gives ammonia gas, delta H equals -93 kJ">
			\mbox{D  N_2(g) + 3H_2(g)  →  2NH_3(g)   Δ}H\mbox{ = –93 kJ}
		</equation>
		<gap/>
		<equation alt="E Thiosulfate ions aqueous + iodide ions aqueous gives iodine gas + sulfate ions aqueous, delta H equals -341 kJ">
			\mbox{E  S_2O_8}\mbox{^{2–}(aq) + 2I^–(aq)  →  I_2(aq) + 2SO_4}\mbox{^{2–}(aq)   Δ}H\mbox{ = –341 kJ}
		</equation>
		<gap/>
		<equation alt="F Sulfur dioxide gas + oxygen gas gives sulfur trioxide gas, delta H equals -198 kJ">
			\mbox{F  2SO_2(g) + O_2(g)  →  2SO_3(g)   Δ}H\mbox{ = –198 kJ}
		</equation>
		<gap/>
		<equation alt="G Hydrogen gas + oxygen gas gives water gas, delta H equals -482 kJ">
			\mbox{G  2H_2(g) + O_2(g)  →  2H_2O(g)   Δ}H\mbox{ = –482 kJ}
		</equation>
		<gap/>
			 
		<editfield id="input" cols="30" label=""/>
	
		<gap/> 
   		<button action="actionSubmit" label="%%lENTERANSWER%%"/>
  
 	</box>

 	<!-- Defines the right-hand answer box, which is initially hidden  -->
 	<box gridx="1" gridy="0" id="answerbox" display="no" background="answer">
   
		<t id="wrong">Your answer is <t id="still">still</t> incorrect.</t>
		<t id="right">Your answer is correct.</t>
		<t id="pass">You passed on this question.</t>	
		<gap/>
	
		<t id="feedback">
			<t id="Message1">
				...but you're on the right lines that it's something to do with temperature.	
			</t>
			<gap/>
		</t>	 
   
  		<t id="answer">
			Increasing temperature always speeds up a reaction. 
    		Reactions may sometimes (though not always) be speeded up by 
   	 		dissolving the reactants, increasing the initial concentration or 
    		increasing the pressure of gaseous reactants.
    		<gap/>
			The effect of temperature is discussed further in Section 10 of 
			S103 <emphasis type="italic">Discovering Science</emphasis> Block 8.
			<gap/>
		</t>		
	
		<button id="ok" action="actionOK" label="%%lTRYAGAIN%%"/>
		<button id="next" action="actionOK" label="%%lNEXTQUESTION%%" display="no"/>
	
 	</box>
 
</question>