<!-- S151 PA Chapter 10 Question 1
	G P Black September 2005
-->

<question class="samples.twodresponse.line.GraphGradient">

	<scoring>
		<marks>3</marks>
	</scoring>

 	<layout>
  		<row height="480"/>
  		<column width="306"/>
  		<column width="286"/>  
	</layout>
 
 	<!-- Defines the left-hand question box -->
 	<box gridx="0" gridy="0" id="inputbox" background="input">
	
		<if plain="yes">
			A graph is drawn of y against x and it is a curve. A tangent is drawn to 
			the curve at the point x = __XVAL__. The tangent passes through a point at which
			 x = __X1__ and y = __Y1__ and another point at which x = __X2__ and y = __Y2__. 
			 Estimate the gradient of the curve at the point x = __XVAL__. Click on the answer
			 closest to your estimate.
		</if>
		
		<if plain="no">
			Estimate the gradient of the curve shown in the plot at
		    <eq>x = __XVAL__.</eq> Click on the answer closest to your estimate.
			<gap/>
			<emphasis type="italic">
				You can draw a straight line on the graph if you wish by moving 
				the circular markers.
			</emphasis>
		</if>
		<gap/>
		<canvas id="graph1" display="no" width="288" height="200" alt="">
			<world id="w1" px="40" py="8" pw="218" ph="155" 
				xleft="0" xright="4" ybottom="0" ytop="20">
				<function id="f1" colour="graph1" lineWidth="2"/>
				<grid minX="0" maxX="4" minY="0" maxY="20" XSpacing="1,0.2" YSpacing="5,1"/>
				<xAxis ticks="1,0.2" tickSide="-" numbers="1" labelFont="Times" label="x" />
				<yAxis ticks="5,1" tickSide="-" numbers="5" labelFont="Times" label="y" rotateLabel="no"/>
			</world>			
			<marker x="100" y="20"/>
			<marker x="150" y="20"/>
			<markerline from="0" to="1" world="w1"/>
		</canvas>	
		<canvas id="graph2" display="no" width="288" height="200" alt="">
			<world id="w2" px="40" py="8" pw="218" ph="155" 
				xleft="0" xright="8" ybottom="0" ytop="90">
				<function id="f1" colour="graph1" lineWidth="2"/>
				<grid minX="0" maxX="8" minY="0" maxY="90" XSpacing="1" YSpacing="10"/>
				<xAxis ticks="1,1" tickSide="+" numbers="1" labelFont="Times" label="x"/>
				<yAxis ticks="10,10" tickSide="+" numbers="10" labelFont="Times" label="y" rotateLabel="no"/>
			</world>			
			<marker x="100" y="20"/>
			<marker x="150" y="20"/>
			<markerline from="0" to="1" world="w2"/>
		</canvas>

		<layoutgrid cols="4">	
			<radiobox id="box0">
			<equation alt="__OPTION0__">__OPTION0__</equation>
			 </radiobox>
			 <radiobox id="box1">
				<equation alt="__OPTION1__">__OPTION1__</equation>
			 </radiobox>
			 <radiobox id="box2">
				<equation alt="__OPTION2__">__OPTION2__</equation>
			 </radiobox>
			 <radiobox id="box3">
				<equation alt="__OPTION3__">__OPTION3__</equation>
			 </radiobox>
			 <radiobox id="box4">
				<equation alt="__OPTION4__">__OPTION4__</equation>
			 </radiobox>
			 <radiobox id="box5">
				<equation alt="__OPTION5__">__OPTION5__</equation>
			 </radiobox>
				 <radiobox id="box6">
				<equation alt="__OPTION6__">__OPTION6__</equation>
			 </radiobox>
			 <radiobox id="box7">
				<equation alt="__OPTION7__">__OPTION7__</equation>
			 </radiobox>
			 <radiobox id="box8">
				<equation alt="__OPTION8__">__OPTION8__</equation>
			 </radiobox>
			 <radiobox id="box9">
				<equation alt="__OPTION9__">__OPTION9__</equation>
			 </radiobox>
		</layoutgrid>
	  	<gap/>

		<button action="actionSubmit" label="%%lENTERANSWER%%"/>
		<!--<button action="actionGiveUp" label="%%lGIVEUP%%"/>-->
  
	</box>

 	<!-- Defines the right-hand answer box, which is initially hidden  -->
 	<box gridx="1" gridy="0" id="answerbox" display="no" background="answer">
   
		<t id="wrong">Your answer is <t id="still">still</t> incorrect.<gap/></t>
		<t id="right">Your answer is correct.<gap/></t>
		<t id="pass">You passed on this question.<gap/></t>	
	
		<t id="wrongnumber" display="no">
			You didn't choose an option.
			<gap/>
		</t>

		<t id="feedback">
			<t id="default">
				Remember that the gradient of a curve at any
	            point is the same as the gradient of a tangent
	            drawn at that point. See Section 10.1.
			</t>
			<gap/>
		</t>	 

		<t id="readValues" display="no">
			<if plain="no">
				Take care to read the values on the axes carefully.
				<gap/>
			</if>
		</t>
	   
		<t id="answer">
	        <if plain="no">
	        	A tangent has been drawn to the figure at
	        	<eq>x = __XVAL__</eq>.
	        	<gap/>
	        </if>
			Gradient of tangent
			<gap/>
			<indent>
				<equation alt="delta y over delta x equals (__Y1__ minus __Y2__) over (__X1__ - __X2__)
								equals __DY__ over __DX__ equals __GRAD__">
					= \frac{\mbox{Δ}y}{\mbox{Δ}x} = \frac{__Y1__ - __Y2__}{__X1__ - __X2__}
						= \frac{__DY__}{__DX__} = __GRAD__
				</equation>
			</indent>
			<gap/>
	        The gradient of a curve at any point is the same as the
	        gradient of a tangent drawn at that point, so the gradient
	        of the curve is <eq>__GRAD__</eq> at <eq>x = __XVAL__</eq>.
			<gap/>
		</t>
			
		<button id="ok" action="actionOK" label="%%lTRYAGAIN%%"/>
		<button id="next" action="actionOK" label="%%lNEXTQUESTION%%" display="no"/>
	   
 	</box>

</question>