<question class="samples.textresponse.structuredresponse.configuration">

	<scoring><marks>3</marks></scoring>
	<layout>
		<row height="450"/>
		<column width="420"/>
		<column width="172"/>  
	</layout>
  
	<box gridx="0" gridy="0" id="inputbox" background="input">

		<layoutgrid cols='2'>
			<t>
				<image id="ptplain" display="no" filePath="pt1.png" alt="the typical elements in the Periodic Table"></image>
				<image id="ptoverlay" display="no" filePath="pt2.png" alt="the typical elements in the Periodic Table"></image>
			</t>

			<t>
				<gap/> <gap/> <gap/> <gap/>
				What is the electronic configuration of the __ELEMENT__ atom which has
				__NUMBEROFELECTRONS__ electrons.
				<gap/>
				Please enter your answer using the correct notation with superscripts 
				to denote sub-shell populations.
				<gap/>
				<if plain="no"> 
					<emphasis type="italic">
						Click on the 'Superscript' box to enter superscripts in your answer 
						and click again to return to normal text, or use the up and down keys 
						on your keyboard.
					</emphasis>
				<gap/> 
			</if>
				
			</t>
		</layoutgrid>
			
			<advancedfield id="response" cols="12" type="superscript" label="formula"/>
			<gap/>
		<button action="actionSubmit" label="%%lENTERANSWER%%"/>
  
	</box>

	<box gridx="1" gridy="0" id="answerbox" display="no" background="answer">
		 
		<t id="wrong">Your answer is <t id="still">still</t> incorrect.</t>
		<t id="right">Your answer is correct.</t>
		<t id="pass">You passed on this question.</t> 
		<gap/>
	  

		<t id="toomany">
			Your answer adds up to more that the __NUMBEROFELECTRONS__
			electrons that this atom contains.
			<gap/>
		</t> 
		<t id="toofew">
			You have not accounted for all the electrons.
			<gap/>
		</t> 

		<t id="toomanyin1s">
			The 1s sub-shell cannot hold __EXTRACT1S__ electrons.
			<gap/>
		</t> 
		<t id="toofewin1s">
			You have too few electrons in the 1s sub-shell.
			<gap/>
		</t> 
		<t id="toomanyin2s">
			The 2s sub-shell cannot hold __EXTRACT2S__ electrons.
			<gap/>
		</t> 
		<t id="toofewin2s">
			You have too few electrons in the 2s sub-shell.
			<gap/>
		</t> 
		<t id="toomanyin2p">
			The 2p sub-shell cannot hold __EXTRACT2P__ electrons.
			<gap/>
		</t> 
		<t id="toofewin2p">
			You have too few electrons in the 2p sub-shell.
			<gap/>
		</t> 

 		<t id="okasfaras">
			You are correct to include<eq>\mbox{__ASFARAS__}</eq> in your answer.
			<gap/>
		</t> 
 
		<t id="feedback">
			<t id="default">
				The table now shows into which sub-shells electrons should be placed.
				Please fill them in turn until you reach the __ELEMENT__ atom.
				<gap/>
			</t>
	    </t>   

		<t id="formtogive">
			Please give your answer in the following form.
			<break/>
			<eq>\mbox{1s}^{\mbox{a}}</eq>
			<eq>\mbox{2s}^{\mbox{b}}</eq>
			<eq>\mbox{2p}^{\mbox{c}}</eq>
			where 'a', 'b' and 'c' are appropriate sub-shell populations.
			<gap/>
		</t> 

   
		<t id="answer">
			The atomic number of __ELEMENT__ is __NUMBEROFELECTRONS__.
			From the strips beneath the elements symbols, the order of sub-shell
			filling up to the end of Period 2 is 1s, 2s, 2p. The length of the strips
			indicate the number of electrons that each sub-shell can hold;
			2 for the s sub-shell and 6 for the p sub-shell.
			<gap/>
			The electron configuration of the __ELEMENT__ atom is
			<break/>
			<eq>\mbox{1s}^2</eq>
			<eq>\mbox{2s}^{__TWOSELECTRONS__}</eq>
			<t id="with2p" display="no"><eq>\mbox{2p}^{__TWOPELECTRONS__}</eq></t>.
			<gap/>
			
		</t>
     
	    <button id="ok" action="actionOK" label="%%lTRYAGAIN%%"/>
		<button id="next" action="actionOK" label="%%lNEXTQUESTION%%" display="no"/>
   
	</box>
 
</question>