<!-- S151 Chapter 5 Question 3
	P G Butcher September 2005
-->

<question class="samples.numeric.significantfigures.Q3">

	<scoring><marks>3</marks></scoring>
	<layout>
		<row height="480"/>
		<column width="376"/>
		<column width="216"/>  
	</layout>
  
	<box gridx="0" gridy="0" id="inputbox" background="input">

		In an experiment carried out on a fixed amount of gas held at constant
		volume, the pressure (in units of <eq>\mbox{Pa}</eq>) was measured as a function of the
		temperature (<eq>\mbox{°C}</eq>).
		
		 <canvas id="graph" width="350" height="290" alt="A graph is plotted of the pressure of a gas against its temperature. The vertical axis is labelled 'pressure/10^5 Pa' and the horizontal axis is labelled 'temperature/°C'. The graph is a straight line passing through points which appear on the graph as follows: When the horizontal value is 0, the vertical value is __ZERO__. When the horizontal value is 80 the vertical value is __EIGHTY__.">
			<world id="w1" px="40" py="8" pw="290" ph="255" 
				xleft="0.0" xright="140.0" ybottom="0.0" ytop="2.2">
				<xAxis ticks="20,10" tickSide="-" numbers="20" omitNumbers="0" labelFont="Times New Roman" label="temperature / °C"/>
				<yAxis maxY="2.0" ticks="1,0.1" tickSide="-" numbers="0.5" />
				<text x="6" y="2.1" font="Times New Roman" text="pressure / 10   Pa" />
				<text x="19" y="2.15" font="Times New Roman" text="5" />
			    <grid maxY="2.01" xspacing="10" yspacing="0.1" />
			</world>			
		</canvas>
		<break/>	
		Estimate the gradient of the resulting graph
		to two significant figures, expressing your answer in scientific notation.
		<break/>
		gradient = 
		<equation alt="">
			<eplace width='125' height='20' label="gradient">
				<advancedfield id="response" cols="12" type="superscript"/>
			</eplace>	
		</equation>
		<eq>\mbox{Pa/°C}</eq> 
		<gap/> <break/>
		<button action="actionSubmit" label="%%lENTERANSWER%%"/>
  
	</box>

	<box gridx="1" gridy="0" id="answerbox" display="no" background="answer">
		 
		<t id="wrong">Your answer is <t id="still">still</t> incorrect.</t>
		<t id="right">Your answer is correct.</t>
		<t id="pass">You passed on this question.</t> 
		<gap/>
		<t id="wrongsfsn" display="no">
			Your value is in the correct range but you have given an incorrect number of significant figures
			and your answer is not in scientific notation.
			<gap/>
		</t> 
		<t id="wrongsf" display="no">
			Your value is in the correct range but you have given an incorrect number of significant figures.
			<gap/>
		</t> 
		<t id="notsn" display="no">
			Your value is in the correct range but your answer is not in scientific notation.
			<gap/>
		</t> 
		<t id="wrongfactorof10noteylabel" display="no">
			You appear to have made an error in calculating the powers of 10.
			Look carefully at the labelling of the vertical axis and see examples in
			Section 5.1.2.
			<gap/>
		</t> 
		<t id="wrongfactorof10" display="no">
			You appear to have made an error in calculating the powers of 10.
			<gap/>
		</t> 
		<t id="feedback">
			<t id="default">
				Section 5.2.1 discusses how the gradient of a straight-line graph is calculated.
				Remember to give your answer in scientific notation and to two significant figures.
				<gap/>
			</t>
		</t>
		
		<t id="answer">
			Any pair of points can be used to find the gradient. Using those
			corresponding to temperatures of <eq>\mbox{0°C}</eq> and <eq>\mbox{80°C}</eq>:
			<gap/>
			gradient = 
			<equation alt="((__EIGHTY__ – __ZERO__) × 10^5) pascals over (80 - 0) degrees C">
				\frac{(__EIGHTY__ – __ZERO__) × 10^5 \mbox{ Pa}}{(80 - 0)\mbox{ °C}}
			</equation>
			<gap/>
			<equation alt="= __RISE__ × 10^5 pascals over 80 degrees C">
				              = \frac{__RISE__ × 10^5 \mbox{ Pa}}{80\mbox{ °C}} <!-- non-breaking spaces at beginnin -->
			</equation>
			<gap/>
			<eq>              =__GRADINSF__ × 10^2 \mbox{ Pa/°C}</eq>
			<gap/>
			in scientific notation to two significant figures.
			<gap/>
		</t>
     
	    <button id="ok" action="actionOK" label="%%lTRYAGAIN%%"/>
		<button id="next" action="actionOK" label="%%lNEXTQUESTION%%" display="no"/>
   
	</box>
 
</question>