<question class="samples.multichoice.multipleresponse.Q6">

	<scoring><marks>3</marks></scoring>

	<layout>
		<row height="420"/>
		<column width="296"/>
		<column width="296"/>  
	</layout>
 
	<!-- Defines the left-hand question box -->
	<box gridx="0" gridy="0" id="inputbox" background="input">

		Which <emphasis>five</emphasis> of the following expressions are equivalent to <eq>4__A__</eq>? 
		<gap/>

		<layoutgrid cols="2" shuffle="yes">	
			<checkbox id="box0">    <!-- wrong, = 5n -->
				<equation alt="2__A__ plus (6__A__ over 2)">2__A__+\frac{6__A__}{2}</equation>
			</checkbox>
			
			<checkbox id="box1">    <!-- right -->
				<equation alt="(2__A__ plus 6__A__) over 2">\frac{2__A__+6__A__}{2}</equation>
			</checkbox>
			
			<checkbox id="box2">    <!-- right -->
				<equation alt="One-half(2__A__ plus 6__A__)">\frac{1}{2}(2__A__+6__A__)</equation>
			</checkbox>
			
			<checkbox id="box3">    <!-- right -->
				<equation alt="4 (__A__ squared over __A__)">4\frac{__A__^2}{__A__}</equation>
			</checkbox>
			
			<checkbox id="box4">    <!-- wrong -->
				<equation alt="(2 __A__ squared) over __A__">\frac{2__A__^2}{__A__}</equation>
			</checkbox>
			
			<checkbox id="box5">    <!-- right -->
				<equation alt="2 (__A__ + __A__)">2(__A__+__A__)</equation>
			</checkbox>
			
			<checkbox id="box6">    <!-- right -->
				<equation alt="4 times square root of __A__ squared">4\sqrt{__A__^2}</equation>
			</checkbox>
			
			<checkbox id="box7">    <!-- wrong -->
				<equation alt="(square root of 16) times __A__ squared">\sqrt{16}__A__^2</equation>
			</checkbox>
		</layoutgrid>
	
		<gap/>
		<emphasis type = "italic">
			Click on the boxes to select or deselect your choices, or use
			'Clear' to start again.
		</emphasis>

		<gap/>
  
		<button action="actionSubmit" label="%%lENTERANSWER%%"/>
		<button action="actionRedo" label="%%lCLEAR%%"/><!-- Note: I don't think we should include
		  this button, how hard is it to turn off a few checkboxes? It's confusing.
			But I put it in to show that custom buttons are easy. -->
<!-- 		<button action="actionGiveUp" label="%%lGIVEUP%%"/> -->
  
	</box>

 <!-- Defines the right-hand answer box, which is initially hidden  -->
 <box gridx="1" gridy="0" id="answerbox" display="no" background="answer">
   
	<t id="wrong"></t> <!-- not used; but present and empty as it is expected by SimpleQuestion1 -->
	<t id="still"></t> <!-- not used; but present and empty as it is expected by SimpleQuestion1 -->
	<t id="incomplete">Your answer is not completely correct.<gap/></t>
	<t id="right">Your answer is correct.<gap/></t>
	<t id="pass">You passed on this question.<gap/></t>	

	<t id="toofew">You have selected too few options.<gap/></t>
	<t id="toomany">You have selected too many options.<gap/></t>

	<t id="four">Four of your choices are correct.<gap/></t>
	<t id="three">Three of your choices are correct.<gap/></t>
	<t id="two">Two of your choices are correct.<gap/></t>
	<t id="one">One of your choices is correct.<gap/></t>
		
	<t id="feedback">
		<t id="simplify">
			Simplify all of the expressions as far as possible taking care to note
			the positioning of square root signs, divisions and brackets in each
			expression. You may find Section 3.5.3 helpful.
		<gap/>
		</t>
	</t>	 
   
	<t id="answer"><!-- The Unicode characters are ticks and crosses -->
		The following five expressions may all be simplified to <eq>4__A__</eq>:
		<gap/>
		<equation alt="(2__A__ plus 6__A__) over 2 = 8__A__ over 2 = 4__A__">\frac{2__A__+6__A__}{2}=\frac{8__A__}{2}=4__A__</equation>;    
		<equation alt="4 (__A__ squared over __A__) = 4__A__">4\frac{__A__^2}{__A__}=4__A__</equation>
		<gap/>
		<equation alt="One-half(2__A__ plus 6__A__) = one-half(8__A__) = 4__A__">\frac{1}{2}(2__A__+6__A__)=\frac{1}{2}8__A__=4__A__</equation>
		<gap/>
		<equation alt="2 (__A__ + __A__) = 2(2__A__) = 4__A__">2(__A__+__A__)=2(2__A__)=4__A__</equation>; 
		<equation alt="4 times square root of __A__ squared = 4__A__">4\sqrt{__A__^2}=4__A__</equation>
		<gap/>

		The other three expressions simplify to give the following:
		<gap/>
		<equation alt="2__A__ plus (6__A__ over 2) = 2__A__ plus 3__A__ = 5__A__">2__A__+\frac{6__A__}{2}=2__A__+3__A__=5__A__</equation>
		<gap/>
		<equation alt="(2 __A__ squared) over __A__ = 2__A__">\frac{2__A__^2}{__A__}=2__A__</equation>; 
		<equation alt="(square root of 16) times __A__ squared = 4 times __A__ squared">\sqrt{16}__A__^2=4__A__^2</equation>
		<gap/>
	</t>
		
	<button id="ok" action="actionOK" label="%%lTRYAGAIN%%"/>
	<button id="next" action="actionOK" label="%%lNEXTQUESTION%%" display="no"/>
   
 </box>
 
</question>