<question class="samples.textresponse.chemicalformulae.formula">

	<scoring><marks>3</marks></scoring>
	<layout>
		<row height="460"/>
		<column width="300"/>
		<column width="292"/>  
	</layout>
  
	<box gridx="0" gridy="0" id="inputbox" background="input">
		<table id="shelltable" rows="10" cols="2" head="0" foot="0" left="0" right="0">
			<row><t><right>hydrogen (1)</right></t> <t><right>sodium (2,8,1)</right></t> </row>
			<row><t><right>helium (2)</right></t> <t><right>magnesium (2,8,2)</right></t> </row>
			<row><t><right>lithium (2,1)</right></t> <t><right>aluminium (2,8,3)</right></t> </row>
			<row><t><right>beryllium (2,2)</right></t> <t><right>silicon (2,8,4)</right></t> </row>
			<row><t><right>boron (2,3)</right></t> <t><right>phosphorus (2,8,5)</right></t> </row>
			<row><t><right>carbon (2,4)</right></t> <t><right>sulfur (2,8,6)</right></t> </row>
			<row><t><right>nitrogen (2,5)</right></t> <t><right>chlorine (2,8,7)</right></t> </row>
			<row><t><right>oxygen (2,6)</right></t> <t><right>argon (2,8,8)</right></t> </row>
			<row><t><right>fluorine (2,7)</right></t> <t><right>potassium (2,8,8,1)</right></t> </row>
			<row><t><right>neon (2,8)</right></t> <t><right>calcium (2,8,8,2)</right></t> </row>
		</table>

		Following from the previous question, and using correct chemical notation, 
		what is the empirical formula of __COMPOUND__?

		<break/>
		<advancedfield id="response" cols="12" type="subscript" label="formula"/>
		<gap/>
		<if plain="no"> 
			<emphasis type="italic">
				Click on the 'Subscript' box to enter subscripts in your answer 
				and click again to return to normal text, or use the up and down keys 
				on your keyboard.
			</emphasis>
			<gap/> 
		</if>
		
		<button action="actionSubmit" label="%%lENTERANSWER%%"/>
  
	</box>

	<box gridx="1" gridy="0" id="answerbox" display="no" background="answer">
		 
		<t id="wrong">Your answer is <t id="still">still</t> incorrect.</t>
		<t id="right">Your answer is correct.</t>
		<t id="pass">You passed on this question.</t> 
		<gap/>
	  
		<t id="wrongcase">
			You have entered a symbol incorrectly. Element symbols always start with a capital. If there is a
			second letter it must be lowercase.
			<gap/>
		</t> 
		<t id="usesub">
			Correct chemical notation requires that you enter the number
			of atoms as a subscript.
			<gap/>
		</t> 

		<t id="feedback">
			<t id="default">
				Recall from the previous question that by losing and gaining electrons to
				attain noble gas electron configurations the ions we get are <eq>\mbox{__C__}</eq>
				and <eq>\mbox{__D__}</eq>.
				Combine them in a ratio which yields a neutral compound.
				<gap/>
			</t>
			<gap/>
	    </t>   
   
		<t id="answer">
			The formula is <eq>__FORMULA__</eq>.
			__ANO__ <eq alt="__CPLAIN__">\mbox{__C__}</eq> __AIONS__ a charge of __ACHARGE__ and
			__BNO__ <eq alt="__DPLAIN__">\mbox{__D__}</eq> __BIONS__ a charge of __BCHARGE__
			so the combination <eq>\mbox{__FORMULA__}</eq> is neutral and gives us the
			correct empirical formula.
			<gap/>
			
		</t>
     
	    <button id="ok" action="actionOK" label="%%lTRYAGAIN%%"/>
		<button id="next" action="actionOK" label="%%lNEXTQUESTION%%" display="no"/>
   
	</box>
 
</question>